年g,身高,w重,SPO2,手掌囟,手掌穸,手掌,h境囟,h境穸,h境,心率,耳兀ㄈ斯y量）
21,170,65,12.300000l,313.299988,313.2323,11.32,1,2,3,60.299999,32
23,170,65,12.300000l,313.299988,313.232300,11.320000,1,2,3,60.299999,36
